{
  "piece": 0.9446132229417035,
  "bonus_six": 2.0973224277083804,
  "opponent_piece": 0.6119648847745711,
  "opponent_six": 3.461835028920866
}