{
    "piece_weight": 1.5596151730338326,
    "bonus_six_weight": 3.9013436290025005,
    "opponent_piece_weight": 0.5052647918964221,
    "opponent_six_weight": 1.3482260298783206
}