{
    "piece_weight": 1.6415979476696176,
    "bonus_six_weight": 3.0814777024505675,
    "opponent_piece_weight": 1.9188357218096392,
    "opponent_six_weight": 2.606999297584987
}