{
    "piece_weight": 1.6796105464227788,
    "bonus_six_weight": 1.527871980482289,
    "opponent_piece_weight": 1.1490981843427377,
    "opponent_six_weight": 2.4511280070213433
}