{"piece_weight": 1.3486133720761804, "bonus_six_weight": 2.824676088693475, "opponent_piece_weight": 0.5781610802359884, "opponent_six_weight": 3.293775476027471}
