{"piece_weight": 1.110296188025889, "bonus_six_weight": 2.1213905037104475, "opponent_piece_weight": 0.712946611041079, "opponent_six_weight": 3.4615598884593903}
{"piece_weight": 0.8086379526654279, "bonus_six_weight": 3.0837701498641703, "opponent_piece_weight": 0.6321015127015834, "opponent_six_weight": 3.218601341357128}
{"piece_weight": 1.9920369371065334, "bonus_six_weight": 3.5395627724325758, "opponent_piece_weight": 0.6336198079865125, "opponent_six_weight": 3.9031952315961984}
{"piece_weight": 0.5077175970538053, "bonus_six_weight": 1.6103309690467105, "opponent_piece_weight": 1.4161280665084717, "opponent_six_weight": 3.4601236372978503}
{"piece_weight": 0.7748982363688963, "bonus_six_weight": 1.698952362165585, "opponent_piece_weight": 0.9527172423877982, "opponent_six_weight": 3.404780682979561}
{"piece_weight": 1.1646019667691645, "bonus_six_weight": 2.334364321733052, "opponent_piece_weight": 0.6707265750093929, "opponent_six_weight": 3.9514852385341634}
{"piece_weight": 1.9285376983404228, "bonus_six_weight": 3.6197402945056845, "opponent_piece_weight": 0.6084730124956695, "opponent_six_weight": 3.987884947505531}
{"piece_weight": 1.2977012857270565, "bonus_six_weight": 2.603668608569443, "opponent_piece_weight": 0.7178150815687083, "opponent_six_weight": 3.731678671897256}
{"piece_weight": 0.9261207659124864, "bonus_six_weight": 2.843871983088984, "opponent_piece_weight": 0.503138592141913, "opponent_six_weight": 3.6093260245732726}
{"piece_weight": 0.6893237779208867, "bonus_six_weight": 3.1661484448620154, "opponent_piece_weight": 1.1501387144331894, "opponent_six_weight": 3.3207094714916723}
{"piece_weight": 0.5603682120258143, "bonus_six_weight": 1.4646735700801692, "opponent_piece_weight": 1.4731561581152246, "opponent_six_weight": 3.4681737060534847}
{"piece_weight": 0.9587235300413188, "bonus_six_weight": 1.018832018660353, "opponent_piece_weight": 1.3539034409269737, "opponent_six_weight": 3.3705214007791584}
{"piece_weight": 0.8817081943930063, "bonus_six_weight": 2.183616315680989, "opponent_piece_weight": 1.1183284628186905, "opponent_six_weight": 2.677729556481945}
{"piece_weight": 0.7539310412258716, "bonus_six_weight": 1.2459780046831432, "opponent_piece_weight": 1.9249307299762848, "opponent_six_weight": 3.2996791623849275}
{"piece_weight": 0.6133972502621473, "bonus_six_weight": 3.865381019811325, "opponent_piece_weight": 0.6275350542445521, "opponent_six_weight": 3.8153052907581135}
{"piece_weight": 0.7791629897795803, "bonus_six_weight": 1.6850125314977402, "opponent_piece_weight": 0.947375141712054, "opponent_six_weight": 3.375601612879447}
{"piece_weight": 0.9552217034764892, "bonus_six_weight": 1.6065459568249136, "opponent_piece_weight": 0.7464201672529425, "opponent_six_weight": 3.40477583473815}
{"piece_weight": 0.6886458438170409, "bonus_six_weight": 1.2804232760906762, "opponent_piece_weight": 1.253623413299117, "opponent_six_weight": 3.623827743368279}
{"piece_weight": 1.6325708876793585, "bonus_six_weight": 1.3415934699919152, "opponent_piece_weight": 0.5660732737875629, "opponent_six_weight": 3.7696745287568176}
{"piece_weight": 1.2484691692806675, "bonus_six_weight": 3.0285791079302333, "opponent_piece_weight": 0.6679648541325985, "opponent_six_weight": 3.5217887684682734}
{"piece_weight": 1.8931518628635935, "bonus_six_weight": 1.2665654278809158, "opponent_piece_weight": 0.6726432012720351, "opponent_six_weight": 3.9435862978683645}
{"piece_weight": 0.6320267572723429, "bonus_six_weight": 2.398209968038877, "opponent_piece_weight": 0.5749741539809186, "opponent_six_weight": 2.8551598848178927}
{"piece_weight": 0.9322814925759857, "bonus_six_weight": 2.91322836153505, "opponent_piece_weight": 1.7985359785920367, "opponent_six_weight": 3.7042844958153394}
{"piece_weight": 1.0878167529842715, "bonus_six_weight": 2.4730930221087815, "opponent_piece_weight": 0.7825403165446776, "opponent_six_weight": 3.8578621711529433}
{"piece_weight": 1.558468202470784, "bonus_six_weight": 1.086622319727271, "opponent_piece_weight": 0.5009459867013961, "opponent_six_weight": 3.143308113326381}
{"piece_weight": 1.2910087328939535, "bonus_six_weight": 2.4348173683068337, "opponent_piece_weight": 1.3104572617706616, "opponent_six_weight": 3.9999159034476928}
{"piece_weight": 0.6864383664106093, "bonus_six_weight": 1.3834834010501575, "opponent_piece_weight": 0.9386585191019157, "opponent_six_weight": 2.2019761867598815}
{"piece_weight": 0.9361528127121337, "bonus_six_weight": 2.674593225443356, "opponent_piece_weight": 1.8879936088599, "opponent_six_weight": 3.6851064216285483}
{"piece_weight": 0.5012887282044787, "bonus_six_weight": 3.2274238020378245, "opponent_piece_weight": 1.676416267858237, "opponent_six_weight": 3.7378307384131113}
{"piece_weight": 0.9945473899867217, "bonus_six_weight": 3.5814627541888013, "opponent_piece_weight": 1.5027070465846193, "opponent_six_weight": 3.595501608168974}
{"piece_weight": 1.1861834796629038, "bonus_six_weight": 2.8897074579236177, "opponent_piece_weight": 1.1894720401608025, "opponent_six_weight": 3.946061768113368}
{"piece_weight": 0.8341494577503732, "bonus_six_weight": 3.0326605928953216, "opponent_piece_weight": 1.3721825845361144, "opponent_six_weight": 3.1808363604426266}
{"piece_weight": 0.5634316882200738, "bonus_six_weight": 3.6991182090704857, "opponent_piece_weight": 1.3952897179690975, "opponent_six_weight": 3.781027795104028}
{"piece_weight": 0.9606671469637473, "bonus_six_weight": 3.5236500094895558, "opponent_piece_weight": 1.0613128029596157, "opponent_six_weight": 2.2436473663760594}
{"piece_weight": 1.1272714653402145, "bonus_six_weight": 2.4354685620705188, "opponent_piece_weight": 0.7756650840736423, "opponent_six_weight": 3.8478134292515653}
{"piece_weight": 1.023126426247912, "bonus_six_weight": 2.5332623525391385, "opponent_piece_weight": 0.6053433914075944, "opponent_six_weight": 3.499289418896266}
{"piece_weight": 0.75504385001748, "bonus_six_weight": 2.2285752316743515, "opponent_piece_weight": 0.7668728947696178, "opponent_six_weight": 3.9927138547677954}
{"piece_weight": 1.528097705448492, "bonus_six_weight": 1.0114234570652763, "opponent_piece_weight": 0.5003463685303121, "opponent_six_weight": 3.511202292513049}
{"piece_weight": 1.7458461373223462, "bonus_six_weight": 1.2281736391294356, "opponent_piece_weight": 0.7024378066339746, "opponent_six_weight": 3.8871250511791624}
{"piece_weight": 0.9007644763992215, "bonus_six_weight": 2.0865668957428647, "opponent_piece_weight": 0.7165834394677648, "opponent_six_weight": 3.3856550636842275}
{"piece_weight": 1.5121221294577598, "bonus_six_weight": 2.961196686014396, "opponent_piece_weight": 1.5608364478713608, "opponent_six_weight": 1.007907815834559}
{"piece_weight": 0.6716801929983987, "bonus_six_weight": 3.3176441917693866, "opponent_piece_weight": 0.8668909891369895, "opponent_six_weight": 1.113218755406748}
{"piece_weight": 0.8596114050029839, "bonus_six_weight": 3.3744653820610586, "opponent_piece_weight": 1.320775824980709, "opponent_six_weight": 2.2795051245994196}
{"piece_weight": 0.5954861190563643, "bonus_six_weight": 2.3191297970706217, "opponent_piece_weight": 1.3700250786979216, "opponent_six_weight": 3.66997293268359}
{"piece_weight": 0.8773656196602924, "bonus_six_weight": 3.1805373218771322, "opponent_piece_weight": 1.65867023029833, "opponent_six_weight": 3.6021731873900853}
{"piece_weight": 0.6050678370827581, "bonus_six_weight": 2.3766478475534623, "opponent_piece_weight": 1.4405251144494122, "opponent_six_weight": 2.7332940930217093}
{"piece_weight": 0.9096514478556375, "bonus_six_weight": 3.131123216562111, "opponent_piece_weight": 1.6814948859046321, "opponent_six_weight": 3.707934658685576}
{"piece_weight": 0.6026907740852834, "bonus_six_weight": 3.315116466944939, "opponent_piece_weight": 1.8180770259631374, "opponent_six_weight": 3.779810767116554}
{"piece_weight": 1.436591096128157, "bonus_six_weight": 3.4966982083762628, "opponent_piece_weight": 1.3662136303807586,