{"piece_weight": 1.717134437319359, "bonus_six_weight": 3.3294299505545686, "opponent_piece_weight": 1.0383657701726225, "opponent_six_weight": 3.6578782485155874}
{"piece_weight": 1.839364036748501, "bonus_six_weight": 3.17872873128455, "opponent_piece_weight": 1.0290091294669717, "opponent_six_weight": 3.162784196255562}
